{
    "grocery": [
        {
            "serial_number":1,
            "name":"coconut",
            "quantity":3,
            "unit":"numbers",
            "department":"vegetables and fruits",
            "notes":"nil"
        },
        {
            "serial_number":2,
            "name":"onion",
            "quantity":1,
            "unit":"kilogram",
            "department":"vegetables and fruits",
            "notes":"nil"
        },
        {
            "serial_number":3,
            "name":"potato",
            "quantity":1,
            "unit":"kilogram",
            "department":"vegetables and fruits",
            "notes":"nil"
        },
        {
            "serial_number":4,
            "name":"tomato",
            "quantity":0.25,
            "unit":"kilogram",
            "department":"vegetables and fruits",
            "notes":"nil"
        },
        {
            "serial_number":5,
            "name":"banana",
            "quantity":0.5,
            "unit":"kilogram",
            "department":"vegetables and fruits",
            "notes":"nil"
        },
        {
            "serial_number":6,
            "name":"cumin",
            "quantity":100,
            "unit":"grams",
            "department":"nuts and condiments",
            "notes":"nil"
        },
        {
            "serial_number":7,
            "name":"mustard",
            "quantity":100,
            "unit":"grams",
            "department":"nuts and condiments",
            "notes":"nil"
        },
        {
            "serial_number":8,
            "name":"bengal gram",
            "quantity":250,
            "unit":"grams",
            "department":"pulses and cereals",
            "notes":"nil"
        },
        {
            "serial_number":9,
            "name":"green gram",
            "quantity":250,
            "unit":"grams",
            "department":"pulses and cereals",
            "notes":"nil"
        },
        {
            "serial_number":10,
            "name":"coconut oil",
            "quantity":500,
            "unit":"milli litres",
            "department":"oil",
            "notes":"nil"
        }
    ]
}